name,point,priority,quality,photoDirection
a,33.408758|35.393709,1,1,
b,33.579259|35.478309,1,1,
c,33.711313|35.495935,1,1,
d,33.846092|35.52061,1,1,
e,33.781659|35.605211,1,1,
f,33.643844|35.566435,1,1,
g,33.491111|35.383134,1,1,
h,33.933877|35.619311,1,1,
i,34.085823|35.651036,1,1,
j,34.012806|35.788512,1,1,
h2,34.277202|35.720511,1,1,
h3,34.290327|35.307509,1,1,
c6,34.271339|35.059521,1,1,